{"cameraMode":{"drawMode":0,"name":"Shaded","section":"Shading Mode"},"sceneLighting":true,"audioPlay":false,"sceneViewState":{"showFog":true,"showMaterialUpdate":false,"showSkybox":true,"showFlares":true,"showImageEffects":true,"showParticleSystems":true},"in2DMode":false,"pivot":{"x":2.004136085510254,"y":0.26016366481781008,"z":-9.338419914245606},"rotation":{"x":-0.17890629172325135,"y":-0.22448435425758363,"z":0.04196120426058769,"w":-0.9570070505142212},"size":3.473205089569092,"orthographic":false}